{
  "params": {
    "d_ec": 1000,
    "N_features": 200,
    "D_dg": 1000,
    "N_ca3": 1000,
    "N_ca1": 1000,
    "N_sub": 1000,
    "k_ca3": 50,
    "N_experience": 5000,
    "N_probe": 5000
  },
  "replay_quality": {
    "ca1_only_mean": 0.010247226512087133,
    "sub_only_mean": 0.008076995989888964,
    "gated_mean": 0.010247679907702218,
    "gated_hippo_vs_gated_ec": 0.05609086018466692
  },
  "active_fractions": {
    "stel": 0.04159499999999999,
    "pyr": 0.50087,
    "ca1": 0.28457,
    "sub": 0.49367999999999995,
    "gated": 0.28457
  },
  "mismatch_detection": {
    "familiar_mean": 0.943909139815333,
    "novel_mean": 0.9397637394008718,
    "separation": -0.004145400414461209,
    "p_val": 0.14695269030564
  },
  "stage_representations": {
    "EC": {
      "n_dims": 1000,
      "active_fraction": 0.5009833333333333,
      "participation_ratio": 88.2439502055439,
      "pr_normalized": 0.0882439502055439,
      "mean_pairwise_sim": 0.04475426984874142,
      "feature_decode_r2_mean": 0.9999677298559501
    },
    "Stellate": {
      "n_dims": 1000,
      "active_fraction": 0.04145666666666667,
      "participation_ratio": 146.95393009513916,
      "pr_normalized": 0.14695393009513916,
      "mean_pairwise_sim": 0.03630908589406492,
      "feature_decode_r2_mean": 0.9405587667090619
    },
    "Pyramidal": {
      "n_dims": 1000,
      "active_fraction": 0.49894333333333335,
      "participation_ratio": 99.80863678031201,
      "pr_normalized": 0.09980863678031202,
      "mean_pairwise_sim": 0.3389463772353032,
      "feature_decode_r2_mean": 0.9996843978786513
    },
    "DG": {
      "n_dims": 1000,
      "active_fraction": 0.054136666666666666,
      "participation_ratio": 146.1954216678893,
      "pr_normalized": 0.1461954216678893,
      "mean_pairwise_sim": 0.037516981473034894,
      "feature_decode_r2_mean": 0.27313324235363234
    },
    "CA3": {
      "n_dims": 1000,
      "active_fraction": 0.05,
      "participation_ratio": 13.920623780004664,
      "pr_normalized": 0.013920623780004665,
      "mean_pairwise_sim": 0.1611074966234319,
      "feature_decode_r2_mean": 0.8041378966509184
    },
    "CA1": {
      "n_dims": 1000,
      "active_fraction": 0.28412333333333334,
      "participation_ratio": 16.12154554431435,
      "pr_normalized": 0.01612154554431435,
      "mean_pairwise_sim": 0.42634432905373754,
      "feature_decode_r2_mean": 0.08415201974189217
    },
    "Sub": {
      "n_dims": 1000,
      "active_fraction": 0.49283,
      "participation_ratio": 0.1446672382814095,
      "pr_normalized": 0.0001446672382814095,
      "mean_pairwise_sim": 0.9715641110717043,
      "feature_decode_r2_mean": 0.0005065609029757267
    },
    "Gated_hippo": {
      "n_dims": 1000,
      "active_fraction": 0.28412333333333334,
      "participation_ratio": 15.114905676815841,
      "pr_normalized": 0.015114905676815841,
      "mean_pairwise_sim": 0.42313907114984894,
      "feature_decode_r2_mean": 0.025673570549948482
    },
    "Gated_EC": {
      "n_dims": 1000,
      "active_fraction": 0.04145666666666667,
      "participation_ratio": 146.48937014059572,
      "pr_normalized": 0.14648937014059574,
      "mean_pairwise_sim": 0.03385541620168042,
      "feature_decode_r2_mean": 0.7835326789225158
    }
  }
}