{
  "params": {
    "d_ec": 1000,
    "N_features": 200,
    "D_dg": 1000,
    "N_ca3": 1000,
    "N_ca1": 1000,
    "N_sub": 1000,
    "k_ca3": 50,
    "N_experience": 500,
    "N_probe": 500
  },
  "replay_quality": {
    "ca1_vs_stellate": 0.2329147584813964,
    "sub_vs_pyramidal": 0.31576736804187205,
    "gated_hippo_vs_gated_ec": 0.23286941294923882,
    "gated_hippo_vs_ec_input": 0.007719905255070665
  },
  "active_fractions": {
    "stel": 0.04096,
    "pyr": 0.49845500000000004,
    "ca1": 0.05,
    "sub": 0.517475,
    "gated": 0.05
  },
  "mismatch_detection": {
    "familiar_mean": 0.7671305870507611,
    "novel_mean": 0.848371962864083,
    "separation": 0.08124137581332191,
    "p_val": 2.997426809856166e-11
  },
  "stage_representations": {
    "EC": {
      "n_dims": 1000,
      "active_fraction": 0.5019166666666667,
      "participation_ratio": 86.03731991626249,
      "pr_normalized": 0.08603731991626248,
      "mean_pairwise_sim": 0.04525776239937277,
      "feature_decode_r2_mean": 0.9999651455907943
    },
    "Stellate": {
      "n_dims": 1000,
      "active_fraction": 0.040786666666666666,
      "participation_ratio": 148.68688027477916,
      "pr_normalized": 0.14868688027477917,
      "mean_pairwise_sim": 0.03359463528336754,
      "feature_decode_r2_mean": 0.9330162315079071
    },
    "Pyramidal": {
      "n_dims": 1000,
      "active_fraction": 0.4969266666666667,
      "participation_ratio": 98.77294120530921,
      "pr_normalized": 0.0987729412053092,
      "mean_pairwise_sim": 0.3424990403275562,
      "feature_decode_r2_mean": 0.9996575244988221
    },
    "DG": {
      "n_dims": 1000,
      "active_fraction": 0.051383333333333336,
      "participation_ratio": 141.95981480960836,
      "pr_normalized": 0.14195981480960837,
      "mean_pairwise_sim": 0.03299842786776403,
      "feature_decode_r2_mean": 0.25381579979763
    },
    "CA3": {
      "n_dims": 1000,
      "active_fraction": 0.05,
      "participation_ratio": 17.884261555694206,
      "pr_normalized": 0.017884261555694204,
      "mean_pairwise_sim": 0.13177999128457307,
      "feature_decode_r2_mean": 0.8775611240241727
    },
    "CA1": {
      "n_dims": 1000,
      "active_fraction": 0.05,
      "participation_ratio": 0.32075055651732687,
      "pr_normalized": 0.00032075055651732687,
      "mean_pairwise_sim": 0.34562693757217244,
      "feature_decode_r2_mean": 0.0
    },
    "Sub": {
      "n_dims": 1000,
      "active_fraction": 0.5164933333333334,
      "participation_ratio": 1.8652164493940245e-05,
      "pr_normalized": 1.8652164493940245e-08,
      "mean_pairwise_sim": 0.5384650110973851,
      "feature_decode_r2_mean": 0.0
    },
    "Gated_hippo": {
      "n_dims": 1000,
      "active_fraction": 0.05,
      "participation_ratio": 0.020752868406857233,
      "pr_normalized": 2.075286840685723e-05,
      "mean_pairwise_sim": 0.3396318072704562,
      "feature_decode_r2_mean": 0.0
    },
    "Gated_EC": {
      "n_dims": 1000,
      "active_fraction": 0.040786666666666666,
      "participation_ratio": 148.18392484558163,
      "pr_normalized": 0.14818392484558163,
      "mean_pairwise_sim": 0.032860193292558314,
      "feature_decode_r2_mean": 0.7645737994297689
    }
  }
}