{
  "world": {
    "k_latent": 5,
    "N_animals": 200,
    "d_ec": 100,
    "idiosyncratic_noise": 0.3
  },
  "hippocampal_params": {
    "D_dg": 1000,
    "N_ca3": 1000,
    "N_ca1": 500,
    "k_ca3": 50,
    "dg_params": {
      "sigma_inh": 25,
      "gamma_inh": 5.0,
      "n_inh_steps": 5,
      "noise_scale": 0.0
    },
    "ca1_params": {
      "lr": 0.3,
      "plateau_threshold": 0.7,
      "plateau_sharpness": 20.0,
      "weight_decay": 0.9999,
      "div_norm_sigma": 0.1
    }
  },
  "consolidation": {
    "n_total_replays": 5000,
    "alignment_ec_over_time": [
      [
        10,
        0.6597172420512951
      ],
      [
        25,
        0.7097859778721158
      ],
      [
        50,
        0.7018901983064609
      ],
      [
        100,
        0.693596971539523
      ],
      [
        250,
        0.6923592136564715
      ],
      [
        500,
        0.6933360823735244
      ],
      [
        1000,
        0.692494983794
      ],
      [
        2000,
        0.6938067149893843
      ],
      [
        3000,
        0.6937805954190521
      ],
      [
        5000,
        0.693900473475062
      ]
    ],
    "spectral_concentration_over_time": [
      [
        10,
        0.9958458565434968
      ],
      [
        25,
        0.9815510283532494
      ],
      [
        50,
        0.9806063955043421
      ],
      [
        100,
        0.9665478772019366
      ],
      [
        250,
        0.968621835616984
      ],
      [
        500,
        0.9661730012613297
      ],
      [
        1000,
        0.9652876342520681
      ],
      [
        2000,
        0.9660392551261588
      ],
      [
        3000,
        0.9663802890200089
      ],
      [
        5000,
        0.9658904391925544
      ]
    ]
  },
  "baselines": {
    "direct_pca": {
      "alignment": 0.9750805361773167,
      "spectral_concentration": 0.37257250696987904,
      "per_component": [
        0.9655029021871091,
        0.9699794301570217,
        0.9743290300180976,
        0.982396903506278,
        0.9831944150180776
      ],
      "eigenvalues_top15": [
        18.989398756158593,
        16.151195360345717,
        15.007758096432555,
        12.511247562664302,
        11.854901618374639,
        3.6889398177171193,
        3.509685820777635,
        3.3349226856585905,
        3.237372935938403,
        3.1251423073712847,
        3.097296380467678,
        3.041086475899694,
        2.943881263238373,
        2.8078269386676307,
        2.7972165704150846
      ]
    },
    "hippocampal": {
      "alignment": 0.9482835027700199,
      "spectral_concentration": 0.3879184928742631,
      "per_component": [
        0.918083906267749,
        0.9405559046840065,
        0.951313432644888,
        0.9623995334745582,
        0.969064736778898
      ],
      "eigenvalues_top15": [
        21.541635759589592,
        17.966626368352944,
        14.54529099063285,
        12.584468130982923,
        10.94567732529431,
        5.718289079742637,
        4.625935122071854,
        4.310428120238618,
        4.114804863296832,
        3.7848345159819314,
        3.6539423113615674,
        3.6239138591678217,
        3.4712289785452146,
        3.4373321648119752,
        3.3549042000100773
      ]
    },
    "cortical_final": {
      "alignment": 0.693900473475062,
      "spectral_concentration": 0.9563034820916124,
      "per_component": [
        0.00687091208185573,
        0.8101219064003738,
        0.8683183624382375,
        0.8807978961911621,
        0.9033932902636812
      ],
      "eigenvalues_top15": [
        1893.4120384438243,
        1385.4199049001963,
        738.7870243736588,
        565.4806156613278,
        198.417827029104,
        84.45097980195463,
        19.562965862107806,
        18.68069917905046,
        15.709653613655837,
        12.33052981141898,
        9.725860165226097,
        8.466146776010937,
        8.092851639248147,
        6.66293070086591,
        4.226165084698931
      ]
    }
  },
  "multipass_consolidation": [
    {
      "pass": 0,
      "total_replays": 1000,
      "alignment": 0.722322740883204,
      "spectral_concentration": 0.9327149229315437,
      "mean_replay_sim": 0.6738985748312557,
      "mean_retrain_mismatch": 0.2440634069886582
    },
    {
      "pass": 1,
      "total_replays": 2000,
      "alignment": 0.7164104398088886,
      "spectral_concentration": 0.9300993977186902,
      "mean_replay_sim": 0.6814750855250205,
      "mean_retrain_mismatch": 0.1889173785499689
    },
    {
      "pass": 2,
      "total_replays": 3000,
      "alignment": 0.7173950873901508,
      "spectral_concentration": 0.9294837394190565,
      "mean_replay_sim": 0.6825597429460081,
      "mean_retrain_mismatch": 0.15601038711554147
    },
    {
      "pass": 3,
      "total_replays": 4000,
      "alignment": 0.7182374722977519,
      "spectral_concentration": 0.9297493085447119,
      "mean_replay_sim": 0.6876166435330788,
      "mean_retrain_mismatch": 0.13397964690323025
    },
    {
      "pass": 4,
      "total_replays": 5000,
      "alignment": 0.7203400755030096,
      "spectral_concentration": 0.928478567270891,
      "mean_replay_sim": 0.6932208283690148,
      "mean_retrain_mismatch": 0.11795731154282109
    }
  ],
  "ca1_encoding_mismatches": {
    "first_10": [
      0.27574531613348985,
      0.2719221282486678,
      0.3664277382098892,
      0.38959782010475796,
      0.4684535866417886,
      0.3189832844037186,
      0.4081798322673238,
      0.2923665962734521,
      0.3924693723485681,
      0.37451293046794937
    ],
    "last_10": [
      0.28858562969704893,
      0.31445647989614106,
      0.29331870552296857,
      0.3134641234351137,
      0.38205847245209845,
      0.3808913719085933,
      0.2531835966787804,
      0.37039187143781344,
      0.37087206824071417,
      0.31348010972461754
    ]
  }
}