{
  "params": {
    "d_ec": 1000,
    "N_features": 200,
    "D_dg": 1000,
    "N_ca3": 1000,
    "N_ca1": 1000,
    "N_sub": 1000,
    "k_ca3": 50,
    "N_experience": 500,
    "N_probe": 500
  },
  "replay_quality": {
    "ca1_vs_stellate": 0.276874047229155,
    "sub_vs_pyramidal": 0.3170415410820363,
    "gated_hippo_vs_gated_ec": 0.27684975815644797,
    "gated_hippo_vs_ec_input": 0.007791884534618484
  },
  "active_fractions": {
    "stel": 0.04096,
    "pyr": 0.49845500000000004,
    "ca1": 0.9943299999999999,
    "sub": 0.506115,
    "gated": 0.9943299999999999
  },
  "mismatch_detection": {
    "familiar_mean": 0.7231502418435519,
    "novel_mean": 0.7981732681544103,
    "separation": 0.07502302631085833,
    "p_val": 1.3558201052986653e-15
  },
  "stage_representations": {
    "EC": {
      "n_dims": 1000,
      "active_fraction": 0.5019166666666667,
      "participation_ratio": 86.03731991626249,
      "pr_normalized": 0.08603731991626248,
      "mean_pairwise_sim": 0.04525776239937277,
      "feature_decode_r2_mean": 0.9999651455907943
    },
    "Stellate": {
      "n_dims": 1000,
      "active_fraction": 0.040786666666666666,
      "participation_ratio": 148.68688027477916,
      "pr_normalized": 0.14868688027477917,
      "mean_pairwise_sim": 0.03359463528336754,
      "feature_decode_r2_mean": 0.9330162315079071
    },
    "Pyramidal": {
      "n_dims": 1000,
      "active_fraction": 0.4969266666666667,
      "participation_ratio": 98.77294120530921,
      "pr_normalized": 0.0987729412053092,
      "mean_pairwise_sim": 0.3424990403275562,
      "feature_decode_r2_mean": 0.9996575244988221
    },
    "DG": {
      "n_dims": 1000,
      "active_fraction": 0.051383333333333336,
      "participation_ratio": 141.95981480960836,
      "pr_normalized": 0.14195981480960837,
      "mean_pairwise_sim": 0.03299842786776403,
      "feature_decode_r2_mean": 0.25381579979763
    },
    "CA3": {
      "n_dims": 1000,
      "active_fraction": 0.05,
      "participation_ratio": 17.884261555694206,
      "pr_normalized": 0.017884261555694204,
      "mean_pairwise_sim": 0.13177999128457307,
      "feature_decode_r2_mean": 0.8775611240241727
    },
    "CA1": {
      "n_dims": 1000,
      "active_fraction": 0.9942666666666666,
      "participation_ratio": 0.22386051989662825,
      "pr_normalized": 0.00022386051989662826,
      "mean_pairwise_sim": 0.6702860757008337,
      "feature_decode_r2_mean": 0.0
    },
    "Sub": {
      "n_dims": 1000,
      "active_fraction": 0.5066133333333334,
      "participation_ratio": 3.889847814657767e-05,
      "pr_normalized": 3.889847814657767e-08,
      "mean_pairwise_sim": 0.7525926908432389,
      "feature_decode_r2_mean": 0.0
    },
    "Gated_hippo": {
      "n_dims": 1000,
      "active_fraction": 0.9942666666666666,
      "participation_ratio": 0.014394074738236723,
      "pr_normalized": 1.4394074738236722e-05,
      "mean_pairwise_sim": 0.6687362362785715,
      "feature_decode_r2_mean": 0.0
    },
    "Gated_EC": {
      "n_dims": 1000,
      "active_fraction": 0.040786666666666666,
      "participation_ratio": 148.18392484558163,
      "pr_normalized": 0.14818392484558163,
      "mean_pairwise_sim": 0.032860193292558314,
      "feature_decode_r2_mean": 0.7645737994297689
    }
  }
}