{
  "params": {
    "d_ec": 1000,
    "N_features": 200,
    "D_dg": 1000,
    "N_ca3": 1000,
    "N_ca1": 1000,
    "N_sub": 1000,
    "k_ca3": 50,
    "N_experience": 500,
    "N_probe": 500
  },
  "replay_quality": {
    "ca1_vs_stellate": 0.2986420840554346,
    "sub_vs_pyramidal": 0.496159546585659,
    "gated_hippo_vs_gated_ec": 0.28389064967841837,
    "gated_hippo_vs_ec_input": 0.007577885996639815
  },
  "active_fractions": {
    "stel": 0.04096,
    "pyr": 0.49845500000000004,
    "ca1": 0.05,
    "sub": 0.5,
    "gated": 0.05
  },
  "mismatch_detection": {
    "familiar_mean": 0.7161093503215816,
    "novel_mean": 0.8404178373203066,
    "separation": 0.12430848699872499,
    "p_val": 5.338060739252141e-19
  },
  "stage_representations": {
    "EC": {
      "n_dims": 1000,
      "active_fraction": 0.5019166666666667,
      "participation_ratio": 86.03731991626249,
      "pr_normalized": 0.08603731991626248,
      "mean_pairwise_sim": 0.046861506163404024,
      "feature_decode_r2_mean": 0.9999651455907943
    },
    "Stellate": {
      "n_dims": 1000,
      "active_fraction": 0.040786666666666666,
      "participation_ratio": 148.68688027477916,
      "pr_normalized": 0.14868688027477917,
      "mean_pairwise_sim": 0.03364379708431873,
      "feature_decode_r2_mean": 0.9330162315079071
    },
    "Pyramidal": {
      "n_dims": 1000,
      "active_fraction": 0.4969266666666667,
      "participation_ratio": 98.77294120530921,
      "pr_normalized": 0.0987729412053092,
      "mean_pairwise_sim": 0.34171979264211344,
      "feature_decode_r2_mean": 0.9996575244988221
    },
    "DG": {
      "n_dims": 1000,
      "active_fraction": 0.051383333333333336,
      "participation_ratio": 141.95981480960836,
      "pr_normalized": 0.14195981480960837,
      "mean_pairwise_sim": 0.03215987627075989,
      "feature_decode_r2_mean": 0.25381579979763
    },
    "CA3": {
      "n_dims": 1000,
      "active_fraction": 0.05,
      "participation_ratio": 17.884261555694206,
      "pr_normalized": 0.017884261555694204,
      "mean_pairwise_sim": 0.1375404846617644,
      "feature_decode_r2_mean": 0.8775611240241727
    },
    "CA1": {
      "n_dims": 1000,
      "active_fraction": 0.05,
      "participation_ratio": 8.217990955934393,
      "pr_normalized": 0.008217990955934394,
      "mean_pairwise_sim": 0.46754356827315585,
      "feature_decode_r2_mean": 0.8110429883914055
    },
    "Sub": {
      "n_dims": 1000,
      "active_fraction": 0.5,
      "participation_ratio": 3.019597677857005,
      "pr_normalized": 0.0030195976778570046,
      "mean_pairwise_sim": 0.9677039062405184,
      "feature_decode_r2_mean": 0.8848251002656281
    },
    "Gated_hippo": {
      "n_dims": 1000,
      "active_fraction": 0.05,
      "participation_ratio": 6.672167453326699,
      "pr_normalized": 0.006672167453326699,
      "mean_pairwise_sim": 0.4297254423807428,
      "feature_decode_r2_mean": 0.7574187121052802
    },
    "Gated_EC": {
      "n_dims": 1000,
      "active_fraction": 0.040786666666666666,
      "participation_ratio": 148.18392484558163,
      "pr_normalized": 0.14818392484558163,
      "mean_pairwise_sim": 0.03506864460126408,
      "feature_decode_r2_mean": 0.7645737994297689
    }
  }
}