{
  "params": {
    "d_ec": 1000,
    "N_features": 200,
    "D_dg": 1000,
    "N_ca3": 1000,
    "N_ca1": 1000,
    "N_sub": 1000,
    "k_ca3": 50,
    "N_experience": 500,
    "N_probe": 500,
    "ca1_params": {
      "lr": 0.3,
      "plateau_threshold": 0.7,
      "plateau_sharpness": 20.0,
      "weight_decay": 1.0,
      "div_norm_sigma": 0.0,
      "ltd_rate": 0.05,
      "ltd_ca3_threshold": 0.0,
      "sigma_inh": 25,
      "gamma_inh": 5.0,
      "n_inh_steps": 5,
      "E_inh": -0.4
    },
    "sub_params": {
      "lr": 0.3,
      "ltd_rate": 0.05,
      "connectivity_prob": 0.33
    }
  },
  "replay_quality": {
    "combined_mean_sim": 0.006703048935628259,
    "combined_std_sim": 0.03165790695254752,
    "ca1_only_mean_sim": 0.006167104826784164,
    "sub_only_mean_sim": 0.002009530264220199
  },
  "active_fractions": {
    "ca1": 0.11684500000000002,
    "sub": 0.5167400000000001,
    "combined": 0.57421
  },
  "mismatch_detection": {
    "familiar_mean": 0.9937757681529965,
    "familiar_std": 0.030021333195140054,
    "novel_mean": 0.9944304826926639,
    "novel_std": 0.03306419295547529,
    "separation": 0.000654714539667367,
    "t_stat": 0.20680411889373276,
    "p_val": 0.8362685979042788
  },
  "stage_representations": {
    "EC": {
      "n_dims": 1000,
      "active_fraction": 0.5019166666666667,
      "participation_ratio": 86.03731991626249,
      "pr_normalized": 0.08603731991626248,
      "mean_pairwise_sim": 0.04447578784520012,
      "feature_decode_r2_mean": 0.9999651455907943
    },
    "DG": {
      "n_dims": 1000,
      "active_fraction": 0.04030333333333333,
      "participation_ratio": 150.07143975654316,
      "pr_normalized": 0.15007143975654316,
      "mean_pairwise_sim": 0.03216989188147433,
      "feature_decode_r2_mean": 0.9314811595923105
    },
    "CA3": {
      "n_dims": 1000,
      "active_fraction": 0.05,
      "participation_ratio": 21.97080424824632,
      "pr_normalized": 0.02197080424824632,
      "mean_pairwise_sim": 0.12975786756691982,
      "feature_decode_r2_mean": 0.9304322482470159
    },
    "CA1": {
      "n_dims": 1000,
      "active_fraction": 0.11568,
      "participation_ratio": 15.973549691535109,
      "pr_normalized": 0.015973549691535107,
      "mean_pairwise_sim": 0.22227954630933258,
      "feature_decode_r2_mean": 0.3624718534841
    },
    "Sub": {
      "n_dims": 1000,
      "active_fraction": 0.5159666666666667,
      "participation_ratio": 2.4307680107690404,
      "pr_normalized": 0.0024307680107690404,
      "mean_pairwise_sim": 0.7901775891017653,
      "feature_decode_r2_mean": 0.0023722849670144317
    },
    "CA1+Sub": {
      "n_dims": 1000,
      "active_fraction": 0.57311,
      "participation_ratio": 15.975776130708388,
      "pr_normalized": 0.01597577613070839,
      "mean_pairwise_sim": 0.2299771779852991,
      "feature_decode_r2_mean": 0.3625005536012153
    }
  }
}