{
  "params": {
    "d_ec": 1000,
    "N_features": 200,
    "D_dg": 1000,
    "N_ca3": 1000,
    "N_ca1": 1000,
    "N_sub": 1000,
    "k_ca3": 50,
    "N_experience": 500,
    "N_probe": 500
  },
  "replay_quality": {
    "ca1_vs_stellate": 0.1305053984241858,
    "sub_vs_pyramidal": 0.31402204242223775,
    "gated_hippo_vs_gated_ec": 0.1304376652810241,
    "gated_hippo_vs_ec_input": 0.005818527485088708
  },
  "active_fractions": {
    "stel": 0.04096,
    "pyr": 0.49845500000000004,
    "ca1": 1.0,
    "sub": 0.49447500000000005,
    "gated": 1.0
  },
  "mismatch_detection": {
    "familiar_mean": 0.8695623347189759,
    "novel_mean": 0.8692864417060272,
    "separation": -0.0002758930129487247,
    "p_val": 0.9043593322143799
  },
  "stage_representations": {
    "EC": {
      "n_dims": 1000,
      "active_fraction": 0.5019166666666667,
      "participation_ratio": 86.03731991626249,
      "pr_normalized": 0.08603731991626248,
      "mean_pairwise_sim": 0.04574021490695172,
      "feature_decode_r2_mean": 0.9999651455907943
    },
    "Stellate": {
      "n_dims": 1000,
      "active_fraction": 0.040786666666666666,
      "participation_ratio": 148.68688027477916,
      "pr_normalized": 0.14868688027477917,
      "mean_pairwise_sim": 0.03369745595993975,
      "feature_decode_r2_mean": 0.9330162315079071
    },
    "Pyramidal": {
      "n_dims": 1000,
      "active_fraction": 0.4969266666666667,
      "participation_ratio": 98.77294120530921,
      "pr_normalized": 0.0987729412053092,
      "mean_pairwise_sim": 0.3396387010496951,
      "feature_decode_r2_mean": 0.9996575244988221
    },
    "DG": {
      "n_dims": 1000,
      "active_fraction": 0.051383333333333336,
      "participation_ratio": 141.95981480960836,
      "pr_normalized": 0.14195981480960837,
      "mean_pairwise_sim": 0.03343916269581105,
      "feature_decode_r2_mean": 0.25381579979763
    },
    "CA3": {
      "n_dims": 1000,
      "active_fraction": 0.05,
      "participation_ratio": 17.884261555694206,
      "pr_normalized": 0.017884261555694204,
      "mean_pairwise_sim": 0.1254730412394004,
      "feature_decode_r2_mean": 0.8775611240241727
    },
    "CA1": {
      "n_dims": 1000,
      "active_fraction": 1.0,
      "participation_ratio": 6.640892339185963e-06,
      "pr_normalized": 6.640892339185964e-09,
      "mean_pairwise_sim": 0.8589303666613529,
      "feature_decode_r2_mean": 0.0
    },
    "Sub": {
      "n_dims": 1000,
      "active_fraction": 0.49207,
      "participation_ratio": 2.2889633654639324e-09,
      "pr_normalized": 2.2889633654639326e-12,
      "mean_pairwise_sim": 0.8896534393101393,
      "feature_decode_r2_mean": 0.0
    },
    "Gated_hippo": {
      "n_dims": 1000,
      "active_fraction": 1.0,
      "participation_ratio": 4.247769333696028e-07,
      "pr_normalized": 4.2477693336960277e-10,
      "mean_pairwise_sim": 0.8590300293472328,
      "feature_decode_r2_mean": 0.0
    },
    "Gated_EC": {
      "n_dims": 1000,
      "active_fraction": 0.040786666666666666,
      "participation_ratio": 148.18392484558163,
      "pr_normalized": 0.14818392484558163,
      "mean_pairwise_sim": 0.03361238607554024,
      "feature_decode_r2_mean": 0.7645737994297689
    }
  }
}