{
  "params": {
    "d_ec": 1000,
    "N_features": 200,
    "D_dg": 1000,
    "N_ca3": 1000,
    "N_ca1": 1000,
    "N_sub": 1000,
    "k_ca3": 50,
    "N_experience": 500,
    "N_probe": 500
  },
  "replay_quality": {
    "ca1_vs_stellate": 0.05640588442201617,
    "sub_vs_pyramidal": 0.3206544191974999,
    "gated_hippo_vs_gated_ec": 0.056381026622899955,
    "gated_hippo_vs_ec_input": 0.006330880379253771
  },
  "active_fractions": {
    "stel": 0.04096,
    "pyr": 0.49845500000000004,
    "ca1": 0.284765,
    "sub": 0.50326,
    "gated": 0.284765
  },
  "mismatch_detection": {
    "familiar_mean": 0.9436189733770999,
    "novel_mean": 0.9417477099236791,
    "separation": -0.0018712634534208128,
    "p_val": 0.5165297784679497
  },
  "stage_representations": {
    "EC": {
      "n_dims": 1000,
      "active_fraction": 0.5019166666666667,
      "participation_ratio": 86.03731991626249,
      "pr_normalized": 0.08603731991626248,
      "mean_pairwise_sim": 0.04268147157571027,
      "feature_decode_r2_mean": 0.9999651455907943
    },
    "Stellate": {
      "n_dims": 1000,
      "active_fraction": 0.040786666666666666,
      "participation_ratio": 148.68688027477916,
      "pr_normalized": 0.14868688027477917,
      "mean_pairwise_sim": 0.033324846810398275,
      "feature_decode_r2_mean": 0.9330162315079071
    },
    "Pyramidal": {
      "n_dims": 1000,
      "active_fraction": 0.4969266666666667,
      "participation_ratio": 98.77294120530921,
      "pr_normalized": 0.0987729412053092,
      "mean_pairwise_sim": 0.34167886198788683,
      "feature_decode_r2_mean": 0.9996575244988221
    },
    "DG": {
      "n_dims": 1000,
      "active_fraction": 0.051383333333333336,
      "participation_ratio": 141.95981480960836,
      "pr_normalized": 0.14195981480960837,
      "mean_pairwise_sim": 0.03204926271060472,
      "feature_decode_r2_mean": 0.25381579979763
    },
    "CA3": {
      "n_dims": 1000,
      "active_fraction": 0.05,
      "participation_ratio": 17.884261555694206,
      "pr_normalized": 0.017884261555694204,
      "mean_pairwise_sim": 0.1287711378876482,
      "feature_decode_r2_mean": 0.8775611240241727
    },
    "CA1": {
      "n_dims": 1000,
      "active_fraction": 0.28128333333333333,
      "participation_ratio": 7.676653889133907,
      "pr_normalized": 0.0076766538891339066,
      "mean_pairwise_sim": 0.30797971241892047,
      "feature_decode_r2_mean": 0.03864836543155859
    },
    "Sub": {
      "n_dims": 1000,
      "active_fraction": 0.5025866666666666,
      "participation_ratio": 0.11579798944845465,
      "pr_normalized": 0.00011579798944845465,
      "mean_pairwise_sim": 0.5101035978815238,
      "feature_decode_r2_mean": 0.0
    },
    "Gated_hippo": {
      "n_dims": 1000,
      "active_fraction": 0.28128333333333333,
      "participation_ratio": 7.144199938540795,
      "pr_normalized": 0.007144199938540795,
      "mean_pairwise_sim": 0.30599775646500726,
      "feature_decode_r2_mean": 0.0057364878238643216
    },
    "Gated_EC": {
      "n_dims": 1000,
      "active_fraction": 0.040786666666666666,
      "participation_ratio": 148.18392484558163,
      "pr_normalized": 0.14818392484558163,
      "mean_pairwise_sim": 0.03401630675109444,
      "feature_decode_r2_mean": 0.7645737994297689
    }
  }
}