{
  "config": {
    "n_features": 20,
    "n_substrate": 20,
    "n_bottleneck": 3,
    "feature_sparsity": 0.9,
    "n_train_steps": 15000,
    "n_test_samples": 5000,
    "k_latent_dims": 5,
    "n_animals": 100,
    "d_full_space": 50
  },
  "substrate_analysis": {
    "identity_effective_rank": 20.0,
    "hippo_effective_rank": 3.8039480820776714,
    "cortical_effective_rank": 1.0783178113847878,
    "identity_eigenvalues_top10": [
      1.0,
      1.0,
      1.0,
      1.0,
      1.0,
      1.0,
      1.0,
      1.0,
      1.0,
      1.0
    ],
    "hippo_eigenvalues_top10": [
      5.257695312465,
      1.4871343874761667,
      1.3782337215100922,
      1.2275792257016083,
      1.2217709168928552,
      1.1313924752407873,
      0.927506655137377,
      0.9232826118662566,
      0.8829820742163395,
      0.7461215739745857
    ],
    "cortical_eigenvalues_top10": [
      18.547407627734326,
      0.21898644221646568,
      0.20045169726951878,
      0.15558874866347275,
      0.14436926545922002,
      0.1285357059564025,
      0.10453112887839983,
      0.0956506518882085,
      0.07469259571962722,
      0.058232981120681634
    ]
  },
  "consolidation": {
    "hippo_spectral_concentration_top5": 0.5241154909643032,
    "cortical_spectral_concentration_top5": 0.9630670186760483
  },
  "training": {
    "identity_final_loss_avg100": 0.0007704166605253704,
    "hippo_final_loss_avg100": 0.0007417720317607746,
    "cortical_final_loss_avg100": 0.0010176157357636838,
    "identity_loss_trajectory": [
      0.005779856815934181,
      0.0015241027576848865,
      0.0010182287078350782,
      0.0010265179444104433,
      0.0010871010599657893,
      0.001190034905448556,
      0.0009276847122237086,
      0.000921432685572654,
      0.0007483182707801461,
      0.0007847178494557738,
      0.000863410416059196,
      0.0005955388769507408,
      0.000852504454087466,
      0.0007908670231699944,
      0.0006524400669150054,
      0.0009418475674465299,
      0.0007937539485283196,
      0.0011127220932394266,
      0.0007102562813088298,
      0.0006799513939768076,
      0.000857026141602546,
      0.0006077423458918929,
      0.0007684820448048413,
      0.0005777160404250026,
      0.000746222969610244,
      0.0009495113044977188,
      0.000686813029460609,
      0.0007301054429262877,
      0.0006305358256213367,
      0.0008082188433036208
    ],
    "hippo_loss_trajectory": [
      0.006968489848077297,
      0.0017799915513023734,
      0.0013443503994494677,
      0.001160784624516964,
      0.000928713649045676,
      0.0008996973047032952,
      0.0006559219909831882,
      0.0007363492622971535,
      0.0007035703747533262,
      0.0006564713548868895,
      0.0008242820622399449,
      0.0006881017470732331,
      0.0007597822695970535,
      0.0007556889904662967,
      0.000734395463950932,
      0.0007215362275019288,
      0.0005891429027542472,
      0.0007678003166802227,
      0.0007261469727382064,
      0.0006980816833674908,
      0.0007711839280091226,
      0.0007344667101278901,
      0.0007358610164374113,
      0.0005401081289164722,
      0.0006776797235943377,
      0.0006936501013115048,
      0.0008042866247706115,
      0.0007120767841115594,
      0.0006895881961099803,
      0.0007883367361500859
    ],
    "cortical_loss_trajectory": [
      0.005173597484827042,
      0.005097547080367804,
      0.0037858099676668644,
      0.003085600445047021,
      0.0017777463654056191,
      0.001575781381689012,
      0.0014686333015561104,
      0.0011714042630046606,
      0.0011225700145587325,
      0.0011780558852478862,
      0.0012076959246769547,
      0.000909146387130022,
      0.0010826411889865994,
      0.0010224934667348862,
      0.0009495170088484883,
      0.0011707933153957129,
      0.0012584890937432647,
      0.0009972437983378768,
      0.0013529497664421797,
      0.001395180239342153,
      0.0009322219411842525,
      0.0007986889104358852,
      0.001051840023137629,
      0.00104752485640347,
      0.0012683377135545015,
      0.0009462974849157035,
      0.0011357577750459313,
      0.0007561436505056918,
      0.0010163674596697092,
      0.001040109433233738
    ]
  },
  "evaluation": {
    "identity_mse": 0.021106289699673653,
    "hippo_mse": 0.02229537069797516,
    "cortical_mse": 0.022451499477028847,
    "identity_weighted_mse": 0.0007411135011352599,
    "hippo_weighted_mse": 0.0007586829597130418,
    "cortical_weighted_mse": 0.0010253656655550003,
    "per_feature_mse_identity": [
      0.00010031597776105627,
      0.00013406603829935193,
      0.002530172001570463,
      0.005134313367307186,
      0.00037777904071845114,
      0.0037905280478298664,
      0.0323130302131176,
      0.03227879852056503,
      0.00716076185926795,
      0.030823003500699997,
      0.031233666464686394,
      0.028825772926211357,
      0.03216356784105301,
      0.029598485678434372,
      0.02943945862352848,
      0.026819882914423943,
      0.030966177582740784,
      0.03411722928285599,
      0.033072084188461304,
      0.031246667727828026
    ],
    "per_feature_mse_hippo": [
      8.072220953181386e-05,
      8.451135363429785e-05,
      0.0025782848242670298,
      6.0927748563699424e-05,
      0.004067080095410347,
      0.001980810659006238,
      0.03234390541911125,
      0.03230031952261925,
      0.033007968217134476,
      0.03194497153162956,
      0.031244555488228798,
      0.028812402859330177,
      0.03216110169887543,
      0.029606329277157784,
      0.02944020926952362,
      0.026759160682559013,
      0.030984563753008842,
      0.0341222770512104,
      0.03311041370034218,
      0.031216930598020554
    ],
    "per_feature_mse_cortical": [
      0.000612282776273787,
      0.00236056512221694,
      0.000506950484123081,
      0.0006066252244636416,
      0.016982661560177803,
      0.010230540297925472,
      0.03507722169160843,
      0.03500032052397728,
      0.03302265331149101,
      0.007213151548057795,
      0.03126023709774017,
      0.02895340323448181,
      0.032177966088056564,
      0.02951142191886902,
      0.02944309636950493,
      0.026749640703201294,
      0.030987609177827835,
      0.034097909927368164,
      0.03300618752837181,
      0.0312295313924551
    ]
  },
  "feature_representation": {
    "decoder_norms_identity": [
      0.08902759104967117,
      0.2686008810997009,
      4.917228698730469,
      45.444305419921875,
      0.08598746359348297,
      5.159682273864746,
      3.275218477938324e-05,
      2.6545663786237128e-05,
      24.51834487915039,
      0.798302412033081,
      1.8521475794841535e-05,
      8.101723324216437e-06,
      1.262990917894058e-05,
      2.2312980945571326e-05,
      2.46980125666596e-05,
      9.81724133453099e-06,
      1.4768229448236525e-05,
      9.540128303342499e-06,
      2.897901867982e-05,
      8.810213330434635e-06
    ],
    "decoder_norms_hippo": [
      0.29609164595603943,
      0.3357933461666107,
      9.236332893371582,
      0.2542763352394104,
      15.140190124511719,
      8.196981430053711,
      1.496240383858094e-05,
      2.7162845071870834e-05,
      7.495025329262717e-06,
      7.982092211022973e-05,
      0.00015549264207948,
      2.9368155082920566e-05,
      1.3453674910124391e-05,
      2.2082872419559862e-06,
      9.598734322935343e-06,
      9.987685189116746e-06,
      3.092729821219109e-05,
      2.369728645135183e-05,
      6.844175004516728e-06,
      2.562215377110988e-05
    ],