{
  "params": {
    "d_ec": 100,
    "D_dg": 1000,
    "N_ca3": 1000,
    "N_ca1": 500,
    "k_ca3": 50,
    "dg_params": {
      "sigma_inh": 25,
      "gamma_inh": 5.0,
      "n_inh_steps": 5,
      "noise_scale": 0.0
    },
    "ca1_params": {
      "lr": 0.3,
      "plateau_threshold": 0.7,
      "plateau_sharpness": 20.0,
      "weight_decay": 0.9999,
      "div_norm_sigma": 0.1
    }
  },
  "learning_curve": {
    "mismatches": [
      0.41210049589429765,
      0.3428994669086989,
      0.3428699657864969,
      0.3503220339408319,
      0.4059869220368006,
      0.3534305386117238,
      0.46031592764431106,
      0.4093316549764753,
      0.45906247198495226,
      0.4945381120523502,
      0.3576490211510219,
      0.3285389633485624,
      0.3750317757049717,
      0.36377054038209383,
      0.3681613276376865,
      0.36701432814974744,
      0.3888069899217094,
      0.3973159564116726,
      0.36250676314662117,
      0.31863419903015183,
      0.39313310388979394,
      0.3019246554416456,
      0.4333917400971093,
      0.3811013285276594,
      0.4665531240314104,
      0.4276829494839297,
      0.35543752357832864,
      0.38166646914787383,
      0.3538302250033838,
      0.2823927749647968,
      0.31083733170373695,
      0.4489123406160569,
      0.3449076367983258,
      0.4271731560553337,
      0.33070297378103924,
      0.46607896166343815,
      0.4371812921867861,
      0.32335298820557723,
      0.4065064084042318,
      0.37848250324444604,
      0.4696157821980918,
      0.3658319329891468,
      0.2617664754294229,
      0.359300573782799,
      0.3823281713896823,
      0.41312873568963476,
      0.34844582760063775,
      0.3056462713043264,
      0.42913364937929177,
      0.39429035017158065,
      0.4461020320661781,
      0.3099542919378798,
      0.4235533579730602,
      0.3350858925085451,
      0.33370568004553086,
      0.40670917216205155,
      0.41708509858924625,
      0.4129251092947321,
      0.46492273403454915,
      0.4164083498077651,
      0.44651550053375944,
      0.423769849528117,
      0.3748294901099876,
      0.35111579078978983,
      0.3645247345755802,
      0.3190045682010962,
      0.40175258730224567,
      0.42846770610170254,
      0.40652646654688795,
      0.35323109385848933,
      0.4082935945036726,
      0.44238109958131083,
      0.3448012376156051,
      0.3461078228991756,
      0.3252518168278703,
      0.36241473517968525,
      0.32556339809736856,
      0.4100915740855175,
      0.41487560128171697,
      0.3858971622759168,
      0.4259289319114285,
      0.34345686632259614,
      0.3411923260461848,
      0.4053010914427693,
      0.3230947600821724,
      0.37987481383941474,
      0.4125254024135061,
      0.45223800857640656,
      0.43842119401868435,
      0.30176468953078245,
      0.3243628519629556,
      0.3497046776738732,
      0.3074235006709479,
      0.3278564722097482,
      0.4062986323862873,
      0.3901582767294072,
      0.32814888476957393,
      0.31902464341892967,
      0.2850313767931078,
      0.38217750359515573,
      0.3397985204340742,
      0.44269284497647376,
      0.45797570588917785,
      0.34315804221869783,
      0.43116742734545693,
      0.433339244842844,
      0.3620171214234121,
      0.34737589134587726,
      0.2796598942454117,
      0.4252991618765099,
      0.37766632958086654,
      0.38186354776824444,
      0.3337623825114464,
      0.37214006376837944,
      0.31583980790480587,
      0.304740282765973,
      0.38215721060410385,
      0.3308530044367885,
      0.41284206951649377,
      0.41903604018844237,
      0.3742446166888855,
      0.455575682269328,
      0.40317534626445367,
      0.24725002825656162,
      0.3501478805301734,
      0.4604831021997322,
      0.36376512935963556,
      0.39904894826180975,
      0.3682136169742862,
      0.34455741507491333,
      0.3871645077283773,
      0.3343870436806683,
      0.3418012010414703,
      0.3274036542220106,
      0.35390910847672513,
      0.3780093426560175,
      0.285056022798974,
      0.34443144515978596,
      0.31492888289203896,
      0.36207054205414024,
      0.42954369271486514,
      0.3430660953648902,
      0.36938187759637914,
      0.4211834243309326,
      0.2997702668274376,
      0.31756638862420955,
      0.38703853222046886,
      0.34690286317311064,
      0.38966284426499187,
      0.35695243935293514,
      0.33722413844203436,
      0.4287512818819244,
      0.40248474232213205,
      0.2757623142498267,
      0.3918036546179408,
      0.46127730489891905,
      0.3310350582227949,
      0.3598199555158608,
      0.3628809255925638,
      0.3928073799329787,
      0.3930947689520989,
      0.344429550360993,
      0.35018740405853094,
      0.4275895874445601,
      0.32269931162820853,
      0.2417710431425771,
      0.3803564032436788,
      0.40714628793618474,
      0.2917143069159496,
      0.347553891794275,
      0.3295063144061563,
      0.35694219441849256,
      0.4374516829376479,
      0.3378737903362048,
      0.29398015406524286,
      0.3791673093245103,
      0.36881239364350715,
      0.3075875916473988,
      0.3754460705962196,
      0.34822652416665656,
      0.35590184950918585,
      0.3818716443427021,
      0.31580500525070526,
      0.37255151314604734,
      0.3332411609567868,
      0.3781970868957449,
      0.3934341825223318,
      0.34077477677857415,
      0.42098309436640247,
      0.41267298895236154,
      0.3397931182150478,
      0.3780878036901629,
      0.3963219673072506,
      0.36610583277046216,
      0.4110892128150393,
      0.4224003758107208,
      0.3115601936231934,
      0.3530066578066158,
      0.29117982914311014,
      0.3710090196889065
    ],