{
  "model_params": {
    "d_ec": 100,
    "D_dg": 1000,
    "k_dg": 50,
    "k_ca3": 50,
    "expansion_ratio": 10.0,
    "target_sparsity": 0.05
  },
  "pattern_separation": {
    "input_similarities": [
      0.0,
      0.05210526315789474,
      0.10421052631578948,
      0.1563157894736842,
      0.20842105263157895,
      0.2605263157894737,
      0.3126315789473684,
      0.36473684210526314,
      0.4168421052631579,
      0.46894736842105267,
      0.5210526315789474,
      0.5731578947368421,
      0.6252631578947369,
      0.6773684210526316,
      0.7294736842105263,
      0.781578947368421,
      0.8336842105263158,
      0.8857894736842106,
      0.9378947368421053,
      0.99
    ],
    "dg_output_similarities": [
      0.043259932630391705,
      0.05214404746050552,
      0.06626595273565643,
      0.09115348961618393,
      0.10701438203211076,
      0.1270782618242048,
      0.1461383310181873,
      0.17008919137841724,
      0.21186428924982978,
      0.2434489637165909,
      0.2946841452624962,
      0.33924362706450684,
      0.3647087051501904,
      0.4186013600308668,
      0.47189729545812226,
      0.5596646941158743,
      0.6337658458750796,
      0.691990320194763,
      0.7898594762465431,
      0.9346261777380823
    ]
  },
  "storage_capacity": {
    "5": {
      "full_cue_accuracy": 1.0,
      "full_cue_mean_sim": 0.9997969031146337,
      "degraded_cue_accuracy": 1.0,
      "degraded_cue_mean_sim": 0.9997968621186105,
      "mean_sparsity": 0.05,
      "n_tested": 5
    },
    "10": {
      "full_cue_accuracy": 1.0,
      "full_cue_mean_sim": 0.9987941107816767,
      "degraded_cue_accuracy": 1.0,
      "degraded_cue_mean_sim": 0.9987940648365747,
      "mean_sparsity": 0.05,
      "n_tested": 10
    },
    "20": {
      "full_cue_accuracy": 1.0,
      "full_cue_mean_sim": 0.9983945254003984,
      "degraded_cue_accuracy": 1.0,
      "degraded_cue_mean_sim": 0.9983944698364731,
      "mean_sparsity": 0.05000000000000001,
      "n_tested": 20
    },
    "50": {
      "full_cue_accuracy": 1.0,
      "full_cue_mean_sim": 0.9951128372835991,
      "degraded_cue_accuracy": 1.0,
      "degraded_cue_mean_sim": 0.9951127080704277,
      "mean_sparsity": 0.04999999999999999,
      "n_tested": 50
    },
    "100": {
      "full_cue_accuracy": 1.0,
      "full_cue_mean_sim": 0.9865810453601895,
      "degraded_cue_accuracy": 1.0,
      "degraded_cue_mean_sim": 0.9853728972742792,
      "mean_sparsity": 0.04999999999999999,
      "n_tested": 50
    },
    "200": {
      "full_cue_accuracy": 0.86,
      "full_cue_mean_sim": 0.8004976580524754,
      "degraded_cue_accuracy": 0.84,
      "degraded_cue_mean_sim": 0.775814362643449,
      "mean_sparsity": 0.05,
      "n_tested": 50
    },
    "500": {
      "full_cue_accuracy": 0.08,
      "full_cue_mean_sim": 0.43842840041448844,
      "degraded_cue_accuracy": 0.08,
      "degraded_cue_mean_sim": 0.4230976771997036,
      "mean_sparsity": 0.05,
      "n_tested": 50
    }
  },
  "pattern_completion": {
    "0.000": {
      "accuracy": 1.0,
      "mean_similarity": 0.9936059009787549
    },
    "0.050": {
      "accuracy": 1.0,
      "mean_similarity": 0.9936058217519617
    },
    "0.100": {
      "accuracy": 1.0,
      "mean_similarity": 0.9936057974642863
    },
    "0.150": {
      "accuracy": 1.0,
      "mean_similarity": 0.9936057622559656
    },
    "0.200": {
      "accuracy": 1.0,
      "mean_similarity": 0.9936057889111268
    },
    "0.250": {
      "accuracy": 1.0,
      "mean_similarity": 0.9936058240326034
    },
    "0.300": {
      "accuracy": 1.0,
      "mean_similarity": 0.99360575559159
    },
    "0.350": {
      "accuracy": 1.0,
      "mean_similarity": 0.993605753773208
    },
    "0.400": {
      "accuracy": 1.0,
      "mean_similarity": 0.9936188154245537
    },
    "0.450": {
      "accuracy": 1.0,
      "mean_similarity": 0.99360580260103
    },
    "0.500": {
      "accuracy": 1.0,
      "mean_similarity": 0.9936064804488228
    },
    "0.550": {
      "accuracy": 1.0,
      "mean_similarity": 0.99360644052101
    },
    "0.600": {
      "accuracy": 1.0,
      "mean_similarity": 0.9936057880725498
    },
    "0.650": {
      "accuracy": 1.0,
      "mean_similarity": 0.9936057854617745
    },
    "0.700": {
      "accuracy": 1.0,
      "mean_similarity": 0.9936057297033767
    },
    "0.750": {
      "accuracy": 1.0,
      "mean_similarity": 0.9936057089825532
    },
    "0.800": {
      "accuracy": 1.0,
      "mean_similarity": 0.9936057345854687
    },
    "0.850": {
      "accuracy": 1.0,
      "mean_similarity": 0.9936057656388476
    },
    "0.900": {
      "accuracy": 1.0,
      "mean_similarity": 0.9936064453137884
    },
    "0.950": {
      "accuracy": 1.0,
      "mean_similarity": 0.9936187800689744
    }
  },
  "sparsity": {
    "mean_sparsity": 0.05,
    "mean_n_active": 50.0,
    "target_sparsity": 0.05,
    "all_sparsities": [
      0.05,
      0.05,
      0.05,
      0.05,
      0.05,
      0.05,
      0.05,
      0.05,
      0.05,
      0.05,
      0.05,
      0.05,
      0.05,
      0.05,
      0.05,
      0.05,
      0.05,
      0.05,
      0.05,
      0.05,
      0.05,
      0.05,
      0.05,
      0.05,
      0.05,
      0.05,
      0.05,
      0.05,
      0.05,
      0.05,
      0.05,
      0.05,
      0.05,
      0.05,
      0.05,
      0.05,
      0.05,
      0.05,
      0.05,
      0.05,
      0.05,
      0.05,
      0.05,
      0.05,
      0.05,
      0.05,
      0.05,
      0.05,
      0.05,
      0.05,
      0.05,
      0.05,
      0.05,
      0.05,
      0.05,
      0.05,
      0.05,
      0.05,
      0.05,
      0.05,
      0.05,
      0.05,
      0.05,
      0.05,
      0.05,
      0.05,
      0.05,
      0.05,
      0.05,
      0.05,
      0.05,
      0.05,
      0.05,
      0.05,
      0.05,
      0.05,
      0.05,
      0.05,
      0.05,
      0.05,
      0.05,
      0.05,
      0.05,
      0.05,
      0.05,
      0.05,
      0.05,
      0.05,
      0.05,
      0.05,
      0.05,
      0.05,
      0.05,
      0.05,
      0.05,
      0.05,
      0.05,
      0.05,
      0.05,
      0.05,
      0.05,
      0.05,
      0.05,
      0.05,
      0.05,
      0.05,
      0.05,
      0.05,
      0.05,
      0.05,
      0.05,
      0.05,
      0.05,
      0.05,
      0.05,
      0.05,
      0.05,
      0.05,
      0.05,
      0.05,
      0.05,
      0.05,
      0.05,
      0.05,
      0.05,
      0.05,
      0.05,
      0.05,
      0.05,
      0.05,
      0.05,
      0.05,
      0.05,
      0.05,
      0.05,
      0.05,
      0.05,
      0.05,
      0.05,
      0.05,
      0.05,
      0.05,
      0.05,
      0.05,
      0.05,
      0.05,
      0.05,
      0.05,
      0.05,
      0.05,
      0.05,
      0.05,
      0.05,
      0.05,
      0.05,
      0.05,
      0.05,
      0.05,
      0.05,
      0.05,
      0.05,
      0.05,
      0.05,
      0.05,
      0.05,
      0.05,
      0.05,
      0.05,
      0.05,
      0.05,
      0.05,
      0.05,
      0.05,
      0.05,
      0.05,
      0.05,
      0.05,
      0.05,
      0.05,
      0.05,
      0.05,
      0.05,
      0.05,
      0.05,
      0.05,
      0.05,
      0.05,
      0.05,
      0.05,
      0.05,
      0.05,
      0.05,
      0.05,
      0.05,
      0.05,
      0.05,
      0.05,
      0.05,
      0.05,
      0.05
    ]
  },
  "reference_values": {
    "hopfield_dense_capacity_limit": "0.14 * N = 140 patterns",
    "literature_ca3_sparsity": "1-5% in macaques",
    "literature_expansion_ratio": "~5-10x (EC to DG in rat)"
  }
}