{
  "model_params": {
    "d_ec": 100,
    "D_dg": 1000,
    "k_dg": 50,
    "k_ca3": 50,
    "expansion_ratio": 10.0,
    "target_sparsity": 0.05,
    "theoretical_sparse_capacity": 6676,
    "dense_hopfield_limit": 140
  },
  "pattern_separation": {
    "input_similarities": [
      0.0,
      0.05210526315789474,
      0.10421052631578948,
      0.1563157894736842,
      0.20842105263157895,
      0.2605263157894737,
      0.3126315789473684,
      0.36473684210526314,
      0.4168421052631579,
      0.46894736842105267,
      0.5210526315789474,
      0.5731578947368421,
      0.6252631578947369,
      0.6773684210526316,
      0.7294736842105263,
      0.781578947368421,
      0.8336842105263158,
      0.8857894736842106,
      0.9378947368421053,
      0.99
    ],
    "dg_output_similarities": [
      0.043259932630391705,
      0.05214404746050552,
      0.06626595273565643,
      0.09115348961618393,
      0.10701438203211076,
      0.1270782618242048,
      0.1461383310181873,
      0.17008919137841724,
      0.21186428924982978,
      0.2434489637165909,
      0.2946841452624962,
      0.33924362706450684,
      0.3647087051501904,
      0.4186013600308668,
      0.47189729545812226,
      0.5596646941158743,
      0.6337658458750796,
      0.691990320194763,
      0.7898594762465431,
      0.9346261777380823
    ]
  },
  "storage_capacity": {
    "5": {
      "full_cue_accuracy": 1.0,
      "full_cue_mean_sim": 0.9938811080901454,
      "full_cue_median_sim": 0.9934256224241488,
      "full_cue_min_sim": 0.9917662247240558,
      "degraded_cue_accuracy": 1.0,
      "degraded_cue_mean_sim": 0.993881081270415,
      "n_tested": 5
    },
    "10": {
      "full_cue_accuracy": 1.0,
      "full_cue_mean_sim": 0.9961301056264371,
      "full_cue_median_sim": 0.9963366331215655,
      "full_cue_min_sim": 0.9910780528097803,
      "degraded_cue_accuracy": 1.0,
      "degraded_cue_mean_sim": 0.9961300603194901,
      "n_tested": 10
    },
    "25": {
      "full_cue_accuracy": 1.0,
      "full_cue_mean_sim": 0.9979128088795978,
      "full_cue_median_sim": 0.9983637012954033,
      "full_cue_min_sim": 0.9891099247666088,
      "degraded_cue_accuracy": 1.0,
      "degraded_cue_mean_sim": 0.9979127002996939,
      "n_tested": 25
    },
    "50": {
      "full_cue_accuracy": 1.0,
      "full_cue_mean_sim": 0.9969297532672086,
      "full_cue_median_sim": 0.9972748641625337,
      "full_cue_min_sim": 0.9905545743026287,
      "degraded_cue_accuracy": 1.0,
      "degraded_cue_mean_sim": 0.9969295991288314,
      "n_tested": 50
    },
    "100": {
      "full_cue_accuracy": 1.0,
      "full_cue_mean_sim": 0.9945543286572096,
      "full_cue_median_sim": 0.994791853776187,
      "full_cue_min_sim": 0.978208287823985,
      "degraded_cue_accuracy": 1.0,
      "degraded_cue_mean_sim": 0.9945542149968173,
      "n_tested": 50
    },
    "150": {
      "full_cue_accuracy": 1.0,
      "full_cue_mean_sim": 0.9911860045797711,
      "full_cue_median_sim": 0.9929403608097522,
      "full_cue_min_sim": 0.9540858397896609,
      "degraded_cue_accuracy": 1.0,
      "degraded_cue_mean_sim": 0.9911784786816561,
      "n_tested": 50
    },
    "200": {
      "full_cue_accuracy": 0.96,
      "full_cue_mean_sim": 0.9792753227589316,
      "full_cue_median_sim": 0.9893240247582327,
      "full_cue_min_sim": 0.8252575463805518,
      "degraded_cue_accuracy": 0.96,
      "degraded_cue_mean_sim": 0.9808632305234016,
      "n_tested": 50
    },
    "300": {
      "full_cue_accuracy": 1.0,
      "full_cue_mean_sim": 0.9783251950372959,
      "full_cue_median_sim": 0.9860595677689689,
      "full_cue_min_sim": 0.9414339357701176,
      "degraded_cue_accuracy": 1.0,
      "degraded_cue_mean_sim": 0.9768110622310292,
      "n_tested": 50
    },
    "400": {
      "full_cue_accuracy": 1.0,
      "full_cue_mean_sim": 0.9466384706752312,
      "full_cue_median_sim": 0.9661288079083886,
      "full_cue_min_sim": 0.7173544443492502,
      "degraded_cue_accuracy": 1.0,
      "degraded_cue_mean_sim": 0.943367820704931,
      "n_tested": 50
    },
    "500": {
      "full_cue_accuracy": 0.92,
      "full_cue_mean_sim": 0.8746023579630468,
      "full_cue_median_sim": 0.9217694072876111,
      "full_cue_min_sim": 0.5006072340061827,
      "degraded_cue_accuracy": 0.88,
      "degraded_cue_mean_sim": 0.8624838180176897,
      "n_tested": 50
    },
    "750": {
      "full_cue_accuracy": 0.86,
      "full_cue_mean_sim": 0.6744578379869022,
      "full_cue_median_sim": 0.7049154361665406,
      "full_cue_min_sim": 0.36448055958955955,
      "degraded_cue_accuracy": 0.76,
      "degraded_cue_mean_sim": 0.6501961857420446,
      "n_tested": 50
    },
    "1000": {
      "full_cue_accuracy": 0.66,
      "full_cue_mean_sim": 0.5706889077585869,
      "full_cue_median_sim": 0.5485337660335445,
      "full_cue_min_sim": 0.35871831675834287,
      "degraded_cue_accuracy": 0.68,
      "degraded_cue_mean_sim": 0.5560065955162239,
      "n_tested": 50
    },
    "1500": {
      "full_cue_accuracy": 0.38,
      "full_cue_mean_sim": 0.44835842486253064,
      "full_cue_median_sim": 0.43771641437686204,
      "full_cue_min_sim": 0.2854066899238941,
      "degraded_cue_accuracy": 0.42,
      "degraded_cue_mean_sim": 0.4451303161855565,
      "n_tested": 50
    },
    "2000": {
      "full_cue_accuracy": 0.38,
      "full_cue_mean_sim": 0.43209920887604203,
      "full_cue_median_sim": 0.40988392746636343,
      "full_cue_min_sim": 0.3165397252519106,
      "degraded_cue_accuracy": 0.2,
      "degraded_cue_mean_sim": 0.4254829514831492,
      "n_tested": 50
    },
    "3000": {
      "full_cue_accuracy": 0.3,
      "full_cue_mean_sim": 0.42093529070624697,
      "full_cue_median_sim": 0.41225020917284927,
      "full_cue_min_sim": 0.3314293766466373,
      "degraded_cue_accuracy": 0.28,
      "degraded_cue_mean_sim": 0.4117021368459302,
      "n_tested": 50
    },
    "4000": {
      "full_cue_accuracy": 0.26,
      "full_cue_mean_sim": 0.38560671333904273,
      "full_cue_median_sim": 0.37434307012900225,
      "full_cue_min_sim": 0.314695825251923,
      "degraded_cue_accuracy": 0.2,
      "degraded_cue_mean_sim": 0.39270618955226894,
      "n_tested": 50
    },
    "5000": {
      "full_cue_accuracy": 0.12,
      "full_cue_mean_sim": 0.39814814250590586,
      "full_cue_median_sim": 0.38899352439653523,
      "full_cue_min_sim": 0.3031160387848513,
      "degraded_cue_accuracy": 0.1,
      "degraded_cue_mean_sim": 0.38851570247793804,
      "n_tested": 50
    },
    "6000": {
      "full_cue_accuracy": 0.14,
      "full_cue_mean_sim": 0.3920034328115022,
      "full_cue_median_sim": 0.3855820892919312,
      "full_cue_min_sim": 0.3278390366312322,
      "degraded_cue_accuracy": 0.14,
      "degraded_cue_mean_sim": 0.38570501883328945,
      "n_tested": 50
    },
    "7000": {
      "full_cue_accuracy": 0.1,
      "full_cue_mean_sim": 0.3941944684021151,
      "full_cue_median_sim": 0.38923011523416007,
      "full_cue_min_sim": 0.32317847640976477,
      "degraded_cue_accuracy": 0.06,
      "degraded_cue_mean_sim": 0.40236730676389293,
      "n_tested": 50
    },
    "8000": {
      "full_cue_accuracy": 0.06,
      "full_cue_mean_sim": 0.3839081369674704,
      "full_cue_median_sim": 0.37808881086656904,
      "full_cue_min_sim": 0.3167401999957703,
      "degraded_cue_accuracy": 0.08,
      "degraded_cue_mean_sim": 0.39041130355558673,
      "n_tested": 50
    },
    "10000": {
      "full_cue_accuracy": 0.14,
      "full_cue_mean_sim": 0.40293288542385647,
      "full_cue_median_sim": 0.40116852105525125,
      "full_cue_min_sim": 0.3273182176154891,
      "degraded_cue_accuracy": 0.06,
      "degraded_cue_mean_sim": 0.3983051228590455,
      "n_tested": 50
    }
  },
  "pattern_completion_by_load": {
    "50": {
      "0.000": {
        "accuracy": 1.0,
        "mean_similarity": 0.9967056388460839
      },
      "0.050": {
        "accuracy": 1.0,